{
  "coefficients": [
    -0.037469483776776155,
    0.9999625193613391,
    -0.4954366719898421,
    -0.021999326573294245,
    0.10710359213524034,
    0.03777589135991163,
    -0.12212064405485888,
    -0.027205735008805687,
    -0.018986842631297546,
    -0.13077174890384272
  ],
  "xMean": 5.731894934333956,
  "yMean": -0.7254142989578587,
  "zMean": 10.25987484533234,
  "xScale": 2.4749392268454766,
  "yScale": 2.925114856981784,
  "zScale": 2.4440369826017596
}