{
  "coefficients": [
    -0.12810833715592856,
    0.6016641435966957,
    -0.9055108837355439,
    -0.02216435591876375,
    -0.05231963419415465,
    0.16126875226483972,
    -0.006992985335291302,
    0.029625306354306435,
    -0.017278852696626462,
    0.004851990194184197
  ],
  "xMean": 6.075507765830318,
  "yMean": -0.5857225951574725,
  "zMean": 15.866784711071462,
  "xScale": 2.2460446873103153,
  "yScale": 2.949146000240439,
  "zScale": 3.946807757074297
}