{
  "coefficients": [
    0.00680950450795495,
    1.0579583469872207,
    -0.49739058323136043,
    -0.04563273439846023,
    0.12133443342374597,
    0.013553481074690385,
    -0.1353491090084899,
    -0.020469105365079426,
    -0.03275601239983811,
    -0.12532645991359656
  ],
  "xMean": 5.747924528301885,
  "yMean": -0.7446347909246691,
  "zMean": 10.277298585177007,
  "xScale": 2.4710484815311946,
  "yScale": 2.9208834780299844,
  "zScale": 2.471225371859944
}