{"coefficients":[-0.13882534495370058,0.6576853753249835,-0.8164444434176623,0.009575779896892976,-0.024697295833016303,0.14108162180765385,-0.0011474164456674874,0.03512474127437368,-0.03464647018746647,-0.023053133739640963],"xScale":2.247109733041732,"yScale":3.3284736029782063,"zScale":3.246070477866379,"xMean":6.060735702514648,"yMean":-0.6234875917434692,"zMean":12.1558250982142}