{"coefficients":[-0.182415073637306,0.8248644406108435,-0.7165838192954479,0.0637575926488133,-0.09418824247505161,0.13641515170506685,-0.004529767534462242,0.033825454863629395,-0.034532476880165,-0.014660977572391154],"xScale":2.2187282956565313,"yScale":3.3146538574447755,"zScale":4.237638628196624,"xMean":5.9373955726623535,"yMean":-0.4129032492637634,"zMean":14.404600245123696}