{"coefficients":[-0.1997600125241606,0.7553259822766653,-0.6823097484600991,0.06473187387423487,-0.10990678920384005,0.15223937802044696,0.0001878883685507704,0.022271430043078716,-0.01753471462780415,-0.022408634049677245],"xScale":2.236532761531007,"yScale":3.3723055039816603,"zScale":3.8133047369009114,"xMean":6.042647838592529,"yMean":-0.5483304262161255,"zMean":12.293553942326712}