{"coefficients":[-0.15859144949659285,0.8204649993223786,-0.7363899728513716,0.05564684759898942,-0.08875841286394927,0.11889421305359289,-0.004019361662823129,0.03559685392390885,-0.03222097794142895,-0.003081484531129358],"xScale":2.2230068276286774,"yScale":3.3170554611346335,"zScale":4.193126476748294,"xMean":5.937619209289551,"yMean":-0.414642870426178,"zMean":14.445476903234209}