{"coefficients":[-0.13685721662338168,0.6623839561837039,-0.6552567390436603,0.005851702581497857,-0.07843143924154841,0.14426261897115333,-0.020449275777657455,-0.0022011287124491796,0.003718756648714655,-0.06960597107430397],"xScale":2.2457615737768224,"yScale":3.3279181132384315,"zScale":3.6995278562454548,"xMean":6.065597057342529,"yMean":-0.6299465298652649,"zMean":12.53694952915484}