{"coefficients":[-0.1512707783701941,0.6218404123351104,-0.6653941629263921,0.016526015672977516,-0.05644223441244511,0.14900489225589508,0.006116473382299398,0.007712655573592936,-0.00106221620611599,-0.07633360073050502],"xScale":2.2471097330417322,"yScale":3.3284736029782063,"zScale":3.6010354214981244,"xMean":6.060735702514648,"yMean":-0.6234875917434692,"zMean":12.511235260030128}