{
  "coefficients": [
    -0.006457689606607517,
    0.8648592842554685,
    -0.6191469736804177,
    -0.019253009750164585,
    0.05079537613862299,
    0.037856465821007663,
    -0.02271862323403584,
    0.056154976780087545,
    -0.08943434772236097,
    -0.07284744420088768
  ],
  "xMean": 6.066072489601875,
  "yMean": -0.5616475970132209,
  "zMean": 10.725759907595801,
  "xScale": 2.244759669309564,
  "yScale": 2.9602642127584256,
  "zScale": 2.7104947461173965
}