{"coefficients":[-0.16909065497929401,0.8223776263754736,-0.7358051799788408,0.05743492105757734,-0.0878834811255087,0.12774539798313692,-0.0062726925503191755,0.03420191802629716,-0.035513652230004605,-0.007517584438937686],"xScale":2.220703957536405,"yScale":3.314826594125148,"zScale":4.252355341761335,"xMean":5.931783199310303,"yMean":-0.4067978858947754,"zMean":14.519684392352437}