{
  "coefficients": [
    0.050533500584851745,
    0.7313388359926855,
    -0.5044665759096797,
    -0.0716041678942485,
    0.08619269229898667,
    0.022185873326124993,
    0.005563009368504929,
    -0.008935233877985227,
    -0.01906099097351785,
    -0.1407383792843085
  ],
  "xMean": 6.071206690561501,
  "yMean": -0.5895508474134038,
  "zMean": 10.37896864034361,
  "xScale": 2.250521267440093,
  "yScale": 2.9440460819526666,
  "zScale": 2.3972257931311636
}