{"coefficients":[-0.18241507363730608,0.8248644406108434,-0.7165838192954488,0.06375759264881342,-0.09418824247505125,0.13641515170506646,-0.004529767534462437,0.033825454863630644,-0.034532476880165225,-0.014660977572390488],"xScale":2.2187282956565313,"yScale":3.314653857444775,"zScale":4.237638628196624,"xMean":5.9373955726623535,"yMean":-0.4129032492637634,"zMean":14.404600245123696}