{
  "coefficients": [
    -0.02786549878765615,
    0.9884252002744053,
    -0.4971530450925472,
    -0.03021102944747235,
    0.10480876263166347,
    0.03860194559209616,
    -0.1122958321900888,
    -0.02386330769174111,
    -0.01891183016204573,
    -0.13136507076611056
  ],
  "xMean": 5.7390977443609,
  "yMean": -0.729789370138432,
  "zMean": 10.254692661844114,
  "xScale": 2.4716766884243118,
  "yScale": 2.92611994052516,
  "zScale": 2.4413511444113842
}