{
  "coefficients": [
    -0.11218562456502955,
    0.5510595451322589,
    -0.9255683978306415,
    -0.022350873507659845,
    -0.04903934816870846,
    0.15189030744823523,
    -0.0004960691118142402,
    0.02303229892298536,
    -0.03880409779329008,
    -0.007603315519604831
  ],
  "xMean": 6.122549019607811,
  "yMean": -0.7808823529411764,
  "zMean": 11.194147920087746,
  "xScale": 2.2467146761065084,
  "yScale": 3.2603120273328012,
  "zScale": 2.9351215478355543
}