{"coefficients":[-0.15127077837019368,0.6218404123351108,-0.6653941629263933,0.01652601567297732,-0.0564422344124445,0.14900489225589472,0.006116473382299897,0.007712655573593019,-0.0010622162061158236,-0.07633360073050446],"xScale":2.247109733041732,"yScale":3.3284736029782063,"zScale":3.6010354214981244,"xMean":6.060735702514648,"yMean":-0.6234875917434692,"zMean":12.511235260030128}