{
  "coefficients": [
    -0.010153021946863391,
    0.7938203582099738,
    -0.6154552218941419,
    -0.05254057508538407,
    0.0773426819693839,
    0.06843655168208435,
    -0.03486558867069406,
    0.023141011082650625,
    -0.05406716217521046,
    -0.12145001373615152
  ],
  "xMean": 6.122549019607811,
  "yMean": -0.7808823529411764,
  "zMean": 11.720768758150399,
  "xScale": 2.2467146761065084,
  "yScale": 3.2603120273328012,
  "zScale": 2.9444506325774533
}