{"coefficients":[-0.19976001252416198,0.7553259822766655,-0.682309748460099,0.06473187387423522,-0.10990678920384042,0.15223937802044699,0.00018788836855060387,0.022271430043079105,-0.017534714627804343,-0.022408634049676912],"xScale":2.236532761531007,"yScale":3.3723055039816594,"zScale":3.813304736900911,"xMean":6.042647838592529,"yMean":-0.5483304262161255,"zMean":12.293553942326712}