{"coefficients":[-0.16890252244970677,0.8226518461239156,-0.7348983743264721,0.05748422740660612,-0.08799774250520143,0.1275515718998778,-0.006274921482911228,0.03442366429837307,-0.03556096772656789,-0.007446575509732434],"xScale":2.222605574267639,"yScale":3.3125695516737967,"zScale":4.25367539836068,"xMean":5.932616710662842,"yMean":-0.39892473816871643,"zMean":14.513529341707947}