{"coefficients":[-0.3528849169884528,1.0173275368120775,-0.9783225384665635,0.2974897218298484,-0.3549945090921509,0.24172745517796512,0.056591001500451404,-0.020675983554442445,-0.042012646865015935,0.03587608598087931],"xScale":4.291640192200029,"yScale":5.439292233370078,"zScale":9.630195432206971,"xMean":8.432000160217285,"yMean":0.28999999165534973,"zMean":20.575}