{
  "coefficients": [
    0.11478329764604378,
    -0.2048672842894999,
    -1.3627438406129535,
    -0.043965598643821914,
    0.003178420118459341,
    -0.09097330403805962,
    0.12474817970822352,
    -0.01271485600475164,
    0.023620547604189468,
    0.22439217441819084
  ],
  "xMean": 5.7390977443609,
  "yMean": -0.729789370138432,
  "zMean": 0.47812571016632194,
  "xScale": 2.4716766884243118,
  "yScale": 2.92611994052516,
  "zScale": 0.2196708766096282
}