{
  "coefficients": [
    0.08052825150510579,
    -0.19056056086116707,
    -1.158813315736976,
    -0.008984944711215304,
    0.036999216965604084,
    -0.10454800802238348,
    0.04741130680775435,
    -0.09382732160602472,
    0.1034120448854913,
    0.1578674730094473
  ],
  "xMean": 6.066072489601875,
  "yMean": -0.5616475970132209,
  "zMean": 0.4821683030521631,
  "xScale": 2.244759669309564,
  "yScale": 2.9602642127584256,
  "zScale": 0.2108221752884889
}