{"coefficients":[0.3360877754721576,0.030340380981939863,-1.0133759600148502,-0.10525727294231188,0.15315265490940835,-0.26761158694318143,0.0356603998952143,-0.0984322843326274,0.04262087714056745,0.08898301529230854],"xScale":2.247109733041732,"yScale":3.3284736029782063,"zScale":0.19572204202121396,"xMean":6.060735702514648,"yMean":-0.6234875917434692,"zMean":0.5298317933846198}