{"coefficients":[0.4371739451732783,0.32486494914844993,-0.4582096635504673,-0.19527817424023958,0.5689491362706863,-0.34289670883669116,0.030335147989267744,-0.17554128452419543,0.2412446271771312,-0.0556523501165717],"xScale":2.222605574267639,"yScale":3.3125695516737967,"zScale":0.15874509053911404,"xMean":5.932616710662842,"yMean":-0.39892473816871643,"zMean":0.6464317906714682}