{"coefficients":[0.3049399653574698,0.01676260421420589,-1.2189979681543606,-0.08289515119604378,0.17580624158751773,-0.25521469862553553,0.04299877669446264,-0.038625135056934046,-0.03215256502571798,0.19613166025586784],"xScale":2.247109733041732,"yScale":3.3284736029782063,"zScale":0.19365670922095993,"xMean":6.060735702514648,"yMean":-0.6234875917434692,"zMean":0.49347335532360653}