{"coefficients":[0.30493996535747137,0.016762604214205112,-1.2189979681543588,-0.08289515119604483,0.1758062415875177,-0.2552146986255362,0.04299877669446303,-0.038625135056934656,-0.032152565025716756,0.19613166025586695],"xScale":2.2471097330417322,"yScale":3.3284736029782063,"zScale":0.19365670922095993,"xMean":6.060735702514648,"yMean":-0.6234875917434692,"zMean":0.49347335532360653}