{
  "coefficients": [
    0.08529716546824553,
    -0.3294167794053616,
    -1.325145571542826,
    -0.02788070411942275,
    -0.007308425993996101,
    -0.0748748955204602,
    0.157307389308979,
    -0.023095904308234938,
    0.05460227341929616,
    0.20912750572580446
  ],
  "xMean": 5.747924528301885,
  "yMean": -0.7446347909246691,
  "zMean": 0.47776303872046283,
  "xScale": 2.4710484815311946,
  "yScale": 2.9208834780299844,
  "zScale": 0.22259836950494796
}