{"coefficients":[0.43352308126288247,0.3238458796972752,-0.4779270602291029,-0.19259337600898113,0.57421105450781,-0.34518078422073284,0.02788501659235551,-0.17836698707673043,0.2449966045354584,-0.04690090678650835],"xScale":2.2187282956565313,"yScale":3.3146538574447755,"zScale":0.15775693779128583,"xMean":5.9373955726623535,"yMean":-0.4129032492637634,"zMean":0.6475812679550553}