{"coefficients":[0.43352308126288475,0.32384587969727485,-0.4779270602291025,-0.19259337600898185,0.5742110545078097,-0.34518078422073345,0.027885016592354747,-0.17836698707672993,0.24499660453545796,-0.04690090678650777],"xScale":2.2187282956565313,"yScale":3.314653857444775,"zScale":0.1577569377912859,"xMean":5.9373955726623535,"yMean":-0.4129032492637634,"zMean":0.6475812679550553}