{"coefficients":[0.4429881968249142,-0.19452635198520019,0.13009715629014373,-0.47257065952884103,0.9349800017893304,-0.3994827221884474,0.4942651520776993,-1.3324382688306313,1.1605060101294427,-0.3094710061851563],"xScale":4.291640192200029,"yScale":5.439292233370078,"zScale":0.08101336138688695,"xMean":8.432000160217285,"yMean":0.28999999165534973,"zMean":0.4691444993019104}