{"coefficients":[0.44530000925748714,0.280463394117179,-0.5923688539959261,-0.17877032478821275,0.5658909064839223,-0.3567733853105117,0.045642287758082045,-0.1472750477080833,0.20263401616952492,-0.0034895599272788264],"xScale":2.236532761531007,"yScale":3.3723055039816594,"zScale":0.16367681724971228,"xMean":6.042647838592529,"yMean":-0.5483304262161255,"zMean":0.63913137181572}