{
  "coefficients": [
    0.12229803556675463,
    -0.2058422235901869,
    -1.3678083252672795,
    -0.050006780656416214,
    -0.00019436330384807465,
    -0.09037707599937672,
    0.12808593583906785,
    -0.009108240953644209,
    0.02411927755182755,
    0.2248673471021811
  ],
  "xMean": 5.731894934333956,
  "yMean": -0.7254142989578587,
  "zMean": 0.4766441967287337,
  "xScale": 2.4749392268454766,
  "yScale": 2.925114856981784,
  "zScale": 0.21903020560286626
}