{
  "coefficients": [
    0.13130484154988015,
    -0.28465325714819634,
    -1.303620385355281,
    0.0034354838575054517,
    0.007553638689256001,
    -0.17174510941924775,
    0.070370450039654,
    -0.056587886419765365,
    0.1014500227416607,
    0.22231715041217595
  ],
  "xMean": 6.122549019607811,
  "yMean": -0.7808823529411764,
  "zMean": 0.5064657809563125,
  "xScale": 2.2467146761065084,
  "yScale": 3.2603120273328012,
  "zScale": 0.2297060515807431
}