{
  "coefficients": [
    0.01965049566183906,
    -0.022197137967483016,
    -1.3535362982854813,
    0.011698605538661713,
    -0.0019146438139734795,
    -0.051019372336764714,
    0.001740695820449445,
    -0.005633016724231915,
    0.021333751032427156,
    0.22024806263456295
  ],
  "xMean": 6.071206690561501,
  "yMean": -0.5895508474134038,
  "zMean": 0.4726964554284635,
  "xScale": 2.250521267440093,
  "yScale": 2.9440460819526666,
  "zScale": 0.21841468822882548
}