{
  "coefficients": [
    0.5998948174288079,
    -0.03079459421606126,
    -0.6680645729361843,
    -0.14562329433134485,
    0.2892346400129316,
    -0.5081301004216895,
    0.09109216490555708,
    -0.15809861235993566,
    0.09534367714743161,
    -0.043680419089727966
  ],
  "xMean": 6.075507765830318,
  "yMean": -0.5857225951574725,
  "zMean": 0.5961284547238522,
  "xScale": 2.2460446873103153,
  "yScale": 2.949146000240439,
  "zScale": 0.182991445078112
}