{"coefficients":[0.27291170438715634,-0.022764056294442392,-1.2206840721683074,-0.05855840878457237,0.19222366889753206,-0.24831765912467757,0.056721303873977474,-0.02550230622703778,-0.0327399032386618,0.19630383589623132],"xScale":2.2457615737768224,"yScale":3.3279181132384315,"zScale":0.19610024467426646,"xMean":6.065597057342529,"yMean":-0.6299465298652649,"zMean":0.49665050174038256}