{"coefficients":[0.43166780816633005,0.33739916706198636,-0.4724036636649044,-0.19991460942647288,0.5669694872853225,-0.33024033664059094,0.03003989308699452,-0.1717366288256146,0.22291495334533631,-0.04975207017482666],"xScale":2.2230068276286774,"yScale":3.3170554611346335,"zScale":0.16130690100746692,"xMean":5.937619209289551,"yMean":-0.414642870426178,"zMean":0.647810184955597}