{"coefficients":[0.4373651292296585,0.3235125097300849,-0.4581749165483423,-0.19488073499723393,0.5681317199785753,-0.3430270661202899,0.030297096801283882,-0.17501286060987659,0.24131138955333747,-0.055675579773525205],"xScale":2.220703957536405,"yScale":3.314826594125148,"zScale":0.15867245926177412,"xMean":5.931783199310303,"yMean":-0.4067978858947754,"zMean":0.6466304693964172}