{
  "coefficients": [
    0.6750415339059611,
    0.1272137092058499,
    -0.36972136926997873,
    -0.17830764328016796,
    0.5576257478288515,
    -0.62551615951118,
    0.05162108688494931,
    -0.18268608521157448,
    0.2833745129551228,
    -0.20205566116464296
  ],
  "xMean": 6.122549019607811,
  "yMean": -0.7808823529411764,
  "zMean": 0.6626631240323163,
  "xScale": 2.2467146761065084,
  "yScale": 3.2603120273328012,
  "zScale": 0.1556362000013057
}