{"coefficients":[0.44530000925748825,0.2804633941171792,-0.5923688539959263,-0.17877032478821367,0.5658909064839227,-0.3567733853105127,0.045642287758082295,-0.1472750477080838,0.2026340161695254,-0.003489559927279451],"xScale":2.236532761531007,"yScale":3.3723055039816603,"zScale":0.1636768172497122,"xMean":6.042647838592529,"yMean":-0.5483304262161255,"zMean":0.63913137181572}