{
  "coefficients": [
    0.013171259012567368,
    0.9557299309446459,
    -0.7667128447917679,
    -0.10807850759251608,
    0.0110222451955857,
    0.09189231397935577,
    0.04012186517815686,
    -0.008414902110154776,
    -0.0240865419378688,
    -0.0008884349678124626
  ],
  "xMean": 8.693714285714286,
  "yMean": -1.9616326530612231,
  "zMean": 12.514633499397004,
  "xScale": 4.957199143360976,
  "yScale": 2.7756293251748367,
  "zScale": 3.598412124700164
}