{
  "coefficients": [
    -0.0022361961255462914,
    0.8350024358118637,
    -0.7206637724919953,
    -0.0790606530961952,
    -0.004101722526188914,
    0.08510568280892805,
    0.03138710832211927,
    0.003433656246892902,
    -0.028759684979497074,
    0.003138957702370382
  ],
  "xMean": 9.506591276251992,
  "yMean": -1.399289176090468,
  "zMean": 12.437478547497726,
  "xScale": 4.788511478220374,
  "yScale": 2.824212325958527,
  "zScale": 3.7287533612696024
}