{
  "coefficients": [
    -0.9999999999999992,
    3.0531133177191805e-16,
    3.365363543395006e-16,
    -9.107298248878237e-18,
    -1.3487475025719675e-16,
    3.122502256758253e-17,
    -2.480654570646834e-16,
    1.2663481374630692e-16,
    -5.0306980803327406e-17,
    -3.0531133177191805e-16
  ],
  "xMean": 8.693714285714286,
  "yMean": -1.9616326530612231,
  "zMean": 0.6981317007977347,
  "xScale": 4.957199143360976,
  "yScale": 2.7756293251748367,
  "zScale": 2.886579864025407e-15
}