{
  "coefficients": [
    0.9999999999999979,
    -8.187894806610529e-16,
    -4.996003610813204e-16,
    2.5587171270657905e-17,
    -5.065392549852277e-16,
    -1.249000902703301e-16,
    1.1449174941446927e-16,
    2.914335439641036e-16,
    4.0245584642661925e-16,
    2.914335439641036e-16
  ],
  "xMean": 9.506591276251992,
  "yMean": -1.399289176090468,
  "zMean": 0.6981317007977295,
  "xScale": 4.788511478220374,
  "yScale": 2.824212325958527,
  "zScale": 2.3314683517128287e-15
}