{
  "coefficients": [
    0.027188365630133354,
    0.7689894801230311,
    -0.7504042183563011,
    -0.11302810158812202,
    0.01281548634222707,
    0.08823421977687179,
    0.03376929223761432,
    0.0006314423557064186,
    -0.027049017550889398,
    -0.0004248635514213228
  ],
  "xMean": 9.409411764705869,
  "yMean": -1.6125259515570938,
  "zMean": 11.897376815522387,
  "xScale": 4.80680702458778,
  "yScale": 2.810583222150604,
  "zScale": 3.466856978251215
}