{
  "coefficients": [
    0.9999999999999997,
    -2.42861286636753e-17,
    -3.642919299551295e-17,
    -3.467278547608643e-16,
    7.757466544133784e-17,
    -3.8012128167341785e-16,
    1.8735013540549517e-16,
    -2.5934115965853266e-16,
    1.6566609195578508e-16,
    7.632783294297951e-17
  ],
  "xMean": 9.409411764705869,
  "yMean": -1.6125259515570938,
  "zMean": 0.6981317007977303,
  "xScale": 4.80680702458778,
  "yScale": 2.810583222150604,
  "zScale": 1.4432899320127035e-15
}