{"coefficients":[-0.18084924844975256,0.7750738817744236,-0.7961174300353067,0.01576363284883147,-0.15208783367129924,0.19427385563397884,-0.004942045518831789,0.07457687699598636,-0.10470365855843089,0.009727086105075416],"xScale":2.2230068276286774,"yScale":3.3170554611346335,"zScale":0.29537681843202374,"xMean":5.937619209289551,"yMean":-0.414642870426178,"zMean":1.3245169433099884}