{
  "coefficients": [
    0.1266978224729306,
    1.3231679376172423,
    0.15175360750956235,
    -0.0695870841087394,
    0.26859662393571254,
    -0.10972466120534895,
    -0.2143851348009117,
    -0.04996815480300787,
    -0.049978928272869566,
    -0.23954734513529694
  ],
  "xMean": 5.747924528301885,
  "yMean": -0.7446347909246691,
  "zMean": 1.5170377358490568,
  "xScale": 2.4710484815311946,
  "yScale": 2.9208834780299844,
  "zScale": 0.40557820185666804
}