{
  "coefficients": [
    -0.3222498282831434,
    0.7657762987393866,
    -0.6927088686908619,
    -0.0005622845225334433,
    -0.08499284125415563,
    0.3411102212378564,
    -0.04199149740378563,
    0.07856123727613698,
    -0.012068202883980694,
    -0.025091621792190294
  ],
  "xMean": 6.075507765830318,
  "yMean": -0.5857225951574725,
  "zMean": 1.3156810035842301,
  "xScale": 2.2460446873103153,
  "yScale": 2.949146000240439,
  "zScale": 0.3264073230416153
}