{"coefficients":[-0.14645327216696527,0.7055020005986667,-0.27312453094837624,0.010501703887125003,-0.01886567170200259,0.1460644617523657,-0.003613157728782762,-0.006201199724103865,0.03997083637289278,-0.1778582002954501],"xScale":2.2471097330417322,"yScale":3.3284736029782063,"zScale":0.4294645563811169,"xMean":6.060735702514648,"yMean":-0.6234875917434692,"zMean":1.5573476406603097}