{
  "coefficients": [
    0.23168855737911576,
    0.8684526209884799,
    0.18047722373633787,
    -0.11800585162920033,
    0.22877297374668326,
    -0.12209775325654625,
    0.021105502394912115,
    -0.03914381660365751,
    -0.01821361952064541,
    -0.2873014946244629
  ],
  "xMean": 6.071206690561501,
  "yMean": -0.5895508474134038,
  "zMean": 1.539820788530466,
  "xScale": 2.250521267440093,
  "yScale": 2.9440460819526666,
  "zScale": 0.36235139601151356
}