{
  "coefficients": [
    -0.31971748524458055,
    0.6285031158832283,
    -0.9334526571717018,
    0.0006708272740883203,
    -0.1708196700306685,
    0.3653791020049568,
    -0.012071936450811782,
    0.06560703445370872,
    -0.10270292757498514,
    0.03338258531923405
  ],
  "xMean": 6.122549019607811,
  "yMean": -0.7808823529411764,
  "zMean": 1.2681801470588234,
  "xScale": 2.2467146761065084,
  "yScale": 3.2603120273328012,
  "zScale": 0.33078643575039296
}