{"coefficients":[-0.19915081522399908,0.7989311088475853,-0.7796748824535615,0.01677549049401738,-0.15129810705613936,0.21323367571565038,-0.007156401349741326,0.07784622989132348,-0.1221259009197985,-0.0005509161023042608],"xScale":2.2187282956565313,"yScale":3.314653857444775,"zScale":0.3013238013264371,"xMean":5.9373955726623535,"yMean":-0.4129032492637634,"zMean":1.3204650381132694}