{
  "coefficients": [
    0.0961629378063068,
    1.075370046381029,
    0.050740150599470735,
    -0.09114579837038354,
    0.20583880341785524,
    -0.0016533149716088172,
    -0.06674064251621545,
    0.028726531804131525,
    -0.09463132155044823,
    -0.2804674096884032
  ],
  "xMean": 6.122549019607811,
  "yMean": -0.7808823529411764,
  "zMean": 1.5080698529411765,
  "xScale": 2.2467146761065084,
  "yScale": 3.2603120273328012,
  "zScale": 0.39533230936321
}