{
  "coefficients": [
    0.06385944707845946,
    1.2395336312286762,
    0.18011876587048398,
    -0.03758176438526598,
    0.26492944405248514,
    -0.07658748015140995,
    -0.19055973366866738,
    -0.06900219116413411,
    -0.017265575649191484,
    -0.26504550813471534
  ],
  "xMean": 5.731894934333956,
  "yMean": -0.7254142989578587,
  "zMean": 1.5147279549718582,
  "xScale": 2.4749392268454766,
  "yScale": 2.925114856981784,
  "zScale": 0.3863051646210422
}