{"coefficients":[-0.19915081522399916,0.7989311088475856,-0.779674882453561,0.016775490494017463,-0.15129810705613955,0.2132336757156508,-0.007156401349741298,0.07784622989132231,-0.1221259009197985,-0.0005509161023046494],"xScale":2.2187282956565313,"yScale":3.3146538574447755,"zScale":0.30132380132643716,"xMean":5.9373955726623535,"yMean":-0.4129032492637634,"zMean":1.3204650381132694}