{
  "coefficients": [
    0.076206672806972,
    1.2250683067678936,
    0.17813278519620646,
    -0.047941594959919946,
    0.2573322931043751,
    -0.07493300736451462,
    -0.17990529353152535,
    -0.06112525203414779,
    -0.01714402068284973,
    -0.26491668678548375
  ],
  "xMean": 5.7390977443609,
  "yMean": -0.729789370138432,
  "zMean": 1.5128571428571436,
  "xScale": 2.4716766884243118,
  "yScale": 2.92611994052516,
  "zScale": 0.38718585894408974
}