{"coefficients":[-0.1478823239288929,0.8131987057694354,-0.5012767730983192,0.012946636488804186,0.04667495514634225,0.14417584577095044,-0.00924123683481734,0.05810450577202608,-0.03858338499106351,-0.08947861833870785],"xScale":2.247109733041732,"yScale":3.3284736029782063,"zScale":0.3510646135481171,"xMean":6.060735702514648,"yMean":-0.6234875917434692,"zMean":1.471208924076311}