{"coefficients":[-0.18558911855430676,0.7862940653304663,-0.8039532785553603,0.012939239832156453,-0.14147650681177007,0.200654830131453,-0.009285368582483522,0.07424268536983383,-0.11716644562970358,0.010467882932163608],"xScale":2.222605574267639,"yScale":3.3125695516737967,"zScale":0.30152256492822943,"xMean":5.932616710662842,"yMean":-0.39892473816871643,"zMean":1.3306800836303327}