{"coefficients":[-0.18591976049891645,0.7860660059684542,-0.8046772855805541,0.012974320868355368,-0.14100432066598842,0.20074308716960473,-0.009287665290118985,0.0737639463292851,-0.11708115933331972,0.010378872848291976],"xScale":2.220703957536405,"yScale":3.314826594125148,"zScale":0.3014838902969756,"xMean":5.931783199310303,"yMean":-0.4067978858947754,"zMean":1.331179759370193}