{"coefficients":[-0.11668365719839158,0.7500033812681134,-0.25531084700257656,-0.009980205477870378,-0.05021528096755652,0.13606849440361168,-0.03679589824861462,-0.019927581537360475,0.044577326319029914,-0.16839581510250287],"xScale":2.2457615737768224,"yScale":3.3279181132384315,"zScale":0.44752950114654727,"xMean":6.065597057342529,"yMean":-0.6299465298652649,"zMean":1.5562377436063295}