{
  "coefficients": [
    0.13189901631609457,
    1.0387731407696272,
    -0.12529377080446286,
    -0.06553643420950499,
    0.1647144438086191,
    -0.05627601371727604,
    -0.0360900764839118,
    0.08355738294459351,
    -0.13137857665184205,
    -0.16442879701705512
  ],
  "xMean": 6.066072489601875,
  "yMean": -0.5616475970132209,
  "zMean": 1.537843137254902,
  "xScale": 2.244759669309564,
  "yScale": 2.9602642127584256,
  "zScale": 0.40148185894130084
}