{"coefficients":[-0.14645327216696447,0.705502000598666,-0.27312453094837724,0.010501703887124798,-0.018865671702002054,0.14606446175236548,-0.003613157728782193,-0.006201199724103379,0.03997083637289291,-0.1778582002954496],"xScale":2.247109733041732,"yScale":3.3284736029782063,"zScale":0.42946455638111697,"xMean":6.060735702514648,"yMean":-0.6234875917434692,"zMean":1.5573476406603097}