{"coefficients":[-0.22379285923458936,0.7718494767609948,-0.701103759298766,0.0203725884193196,-0.17130682942053446,0.237179793750423,-0.018388660854247507,0.06558881618194426,-0.09616674357438304,-0.02576026939213627],"xScale":2.236532761531007,"yScale":3.3723055039816603,"zScale":0.315066481844726,"xMean":6.042647838592529,"yMean":-0.5483304262161255,"zMean":1.356079904601528}