{"shooterHeight":0.492469,"rFly":0.038099999999999995,"rRol":0.01397,"rHood":0.1690500048,"fVelo":0.870833333,"maxVFly":19.94911333,"minVFly":0.0,"vFlyMaxTries":30,"minAngle":10.151164216593898,"maxAngle":45.15116421659389,"angleRes":20,"minVX":-5.340411897024017,"maxVX":5.340411897024017,"vxRes":20,"minX":2.0,"maxX":10.0,"xRes":30,"angleDev":0.5,"vFlyDev":0.5,"robustnessFactor":1.0,"heightFactor":1.0}