{"shooterHeight":0.492469,"rFly":0.038099999999999995,"rRol":0.0127,"rHood":0.1690500048,"fVelo":0.6666666666666667,"maxVFly":28.72672322442506,"minVFly":0.0,"vFlyMaxTries":30,"minAngle":10.151164216593898,"maxAngle":45.15116421659389,"angleRes":20,"minVX":-6.0,"maxVX":6.0,"vxRes":20,"minX":2.0,"maxX":10.0,"xRes":30,"angleDev":0.5,"vFlyDev":0.5,"robustnessFactor":1.0,"heightFactor":150.0}